{
  "project_info": {
    "project_number": "45638602082",
    "project_id": "chatprivacy-3d3ca",
    "storage_bucket": "chatprivacy-3d3ca.appspot.com"
  },
  "client": [
    {
      "client_info": {
        "mobilesdk_app_id": "1:45638602082:android:b2b961b3baed3b6232f03b",
        "android_client_info": {
          "package_name": "com.example.finalprojectchat"
        }
      },
      "oauth_client": [],
      "api_key": [
        {
          "current_key": "AIzaSyBOkGqDm_ssBntzIska_lA1ixGX4DmOGCE"
        }
      ],
      "services": {
        "appinvite_service": {
          "other_platform_oauth_client": []
        }
      }
    }
  ],
  "configuration_version": "1"
}